Name,URL
МОТО КУЛЬТ,https://www.instagram.com/motocult.dp.ua
MOTOYARD,https://motoyard.com.ua
АРТМОТО,https://artmoto.ua
UA-Motors,https://ua-motors.com.ua
MotoPuls,https://motoplus.com.ua
VOLE MOTO,https://www.instagram.com/volemoto
KMS,https://kms.dp.ua/
Днiпромотор,https://www.dnepromotor.com.ua
Aelita,https://www.aelita.ua/ru/moto
Yamaha,https://yamaha-motor.dp.ua
Мотосалон Одеса,http://clobaf.com.ua
ADAMOTO,https://www.adamoto.net
SOK MOTO,https://sokmoto.com
Moto-Boom,https://moto-boom.com
