URL,Notes
https://motolux.net/,
https://motokvartal.com.ua/,
https://motoprox.com/,
https://motoelit.com.ua/,
https://exist.ua/,
https://dok.ua/,
https://rvmotors.com.ua/,
https://en.impex-jp.com/,
https://www.megazip.net/,
https://bolt.in.ua,Прокладки,
https://hydraulic.ua,Оринги
https://podshipnik.ua,Подшипники
https://termopolis.com.ua/,Подшипники
https://daps.com.ua/ ,"Сальники, подшипники"
https://mot-o.com/,Запчасти на Китай
https://moto-boom.com.ua/,
https://www.instagram.com/mitasmoto_ukraine/,Mitas Moto Україна
